<?xml version="1.0" encoding="UTF-8"?>
<project-private xmlns="http://www.netbeans.org/ns/project-private/1">
    <editor-bookmarks xmlns="http://www.netbeans.org/ns/editor-bookmarks/2" lastBookmarkId="0"/>
    <open-files xmlns="http://www.netbeans.org/ns/projectui-open-files/2">
        <group>
            <file>file:/D:/Julien/Documents/Semestre%204/POO/TP1_POO/src/tp1_poo/Entreprise.java</file>
            <file>file:/D:/Julien/Documents/Semestre%204/POO/TP1_POO/src/tp1_poo/CompteBancaire.java</file>
            <file>file:/D:/Julien/Documents/Semestre%204/POO/TP1_POO/src/tp1_poo/TestCompteBancaire.java</file>
            <file>file:/D:/Julien/Documents/Semestre%204/POO/TP1_POO/src/tp1_poo/Particulier.java</file>
            <file>file:/D:/Julien/Documents/Semestre%204/POO/TP1_POO/src/tp1_poo/Banque.java</file>
            <file>file:/D:/Julien/Documents/Semestre%204/POO/TP1_POO/src/tp1_poo/Client.java</file>
            <file>file:/D:/Julien/Documents/Semestre%204/POO/TP1_POO/src/tp1_poo/TestBanque.java</file>
            <file>file:/D:/Julien/Documents/Semestre%204/POO/TP1_POO/src/tp1_poo/CompteBancaireRemunere.java</file>
        </group>
    </open-files>
</project-private>
